timestamp,rating,review,ai_response,ai_summary,recommended_actions
2025-12-06 22:59:19,4,The place was nice. The interior was fabulous and the food was great ,"Dear valued customer,

We appreciate you taking the time to share your experience with us. We're thrilled to hear that you enjoyed our interior and found the food to be great. Thank you for your kind words and for choosing to dine with us - we're glad you had a wonderful time.

Best regards, [Your AI Customer Service Name]","The customer was generally satisfied with their experience, praising the interior and food, but did not provide specific reasons for not giving a 5-star rating.","['Review the current interior design and decor to ensure it continues to meet customer expectations, and consider minor improvements to maintain a high standard.', 'Check the menu and ensure that the food quality is consistent and meets customer expectations, and consider gathering feedback to identify areas for improvement.', 'Consider asking customers for more detailed feedback to understand what is required for them to leave a 5-star review, and use this information to inform future improvements.']"
2025-12-06 23:02:08,2,The food was average. The service was horrible and the hotel's parking was absent. I didnt also like waiter's caste,"Dear valued guest, 

Thank you for taking the time to share your feedback with us. We apologize for the disappointing experience you had with our service and the lack of parking facilities. We also regret that you felt uncomfortable with the waiter's attire, and we will discuss this with our team to ensure that our staff are dressed professionally. We value your feedback and would like to make it right.

Best regards, 
[Your Hotel Name] Customer Service Team","The customer had a subpar experience with the hotel's food, service, parking, and had an issue with the waiter's attitude, leading to a 2-star rating.","['Improve food quality and variety to meet customer expectations, focusing on offering a unique experience.', 'Provide additional training for staff on customer service etiquette and conflict resolution to address service-related issues.', 'Assess and improve parking options, including alternative solutions for guests who may not be able to find parking nearby.', ""Develop a clear policy and procedure for addressing customer complaints regarding staff behavior, such as the waiter's caste issue, and provide ongoing training to staff on cultural sensitivity and inclusivity.""]"
2025-12-06 23:04:37,2,"The food was bland and stale. The service was okayish and i there was no lady staff
","Dear valued customer,

Thank you for taking the time to share your feedback with us. We apologize that our food did not meet your expectations and was described as bland and stale. We also apologize for not having a female staff member available during your visit and acknowledge that our service was not up to par. We're truly sorry for any disappointment this caused and would love the opportunity to make things right. 

Best regards,
[Your Customer Service AI Name]","Customer experienced subpar food and service, with a specific mention of lack of female staff, indicating potential issues with staff rostering and food quality control.","Review and investigate the customer's claims of stale and bland food to identify any issues with food storage, preparation, or quality control. Additionally, take steps to improve staff rostering to ensure a more diverse and representative team, including female staff, to enhance customer experience and satisfaction."
2025-12-06 23:08:08,1,Pathetic hotel I didn't like the service. I need coupons as condolences,"Dear valued guest, 

We're sorry to hear that your recent stay at our hotel didn't meet your expectations, particularly with regards to the service. We'd like to extend our apologies and show our appreciation for your feedback. As a gesture of goodwill, we'd be happy to provide you with some coupons for a future stay. If you'd like, please reach out to us directly so we can discuss further and make things right.

Best regards, [Customer Service Team]",1-star review requiring attention,Review manually and respond appropriately
2025-12-06 23:08:41,3,jchiuwhoclewoicbkcmwkneo,"I'd be happy to help with a response. However, I need to clarify that the review provided doesn't seem to be a coherent text. It appears to be a random combination of letters. 

If you can provide the actual text of the review, I'll be happy to assist you in crafting a warm and professional response.","The customer provided a 3-star review with a nonsensical string of characters, suggesting a potential technical issue or frustration with the platform.","[""Check if the customer's account is experiencing any technical difficulties, and ensure they have a functional way to submit feedback."", ""Verify if the customer's review is being flagged as spam or malicious, and take necessary steps to prevent similar issues in the future."", ""Reach out to the customer via the platform's support channels to gather more information about their experience and resolve any issues they may be facing.""]"
2025-12-07 00:08:40,5,"What a hotel. Very nice interior and service and amazing hosptiality. Just need decoration improvements
","Dear valued guest,

We'd like to extend our heartfelt gratitude for taking the time to share your exceptional experience at our hotel. We're thrilled to hear that you enjoyed our interior, service, and hospitality, and we appreciate your honest suggestion regarding decoration improvements - we'll definitely take this into consideration to enhance your stay with us in the future. Thank you again for your wonderful review!

Best regards, [Your Hotel's Customer Service Team]","The customer was extremely satisfied with their stay, praising the interior, service, and hospitality, but suggested minor improvements in decorations.","[""Inspect the interior of the hotel to ensure it meets the customer's expectations"", 'Review the current decorations and identify areas for improvement', 'Consider gathering customer feedback on specific decoration ideas', 'Investigate potential budget allocations for decoration upgrades', 'Emphasize the excellent service and hospitality to customers, highlighting these strengths in marketing efforts']"
2025-12-07 00:09:31,4,nice experience,"Dear valued customer, 

We appreciate you taking the time to share your experience with us. You mentioned it was a ""nice experience,"" and we're glad to hear that we were able to meet your expectations in some way.","The customer had a generally positive, but somewhat neutral experience with the product/service.",Request more specific feedback from the customer to understand what made their experience 'nice' and what could be improved. Consider sending a follow-up survey or email to gather more detailed insights and opportunities for growth.
2025-12-07 18:20:24,4,"didnt like rithesh(waiter ) behaviour,idli served was cold
","Dear valued customer, 

We appreciate you taking the time to share your feedback with us. We apologize for the disappointing experience you had with our waiter, Rithesh, and the cold idli served to you. We will use this as an opportunity to review our service standards and ensure our customers receive the highest level of hospitality.

Best regards, [Customer Service AI]","Customer had a mixed experience, citing poor waiter behavior and cold idli, but still gave a 4-star rating, indicating some positive aspects of their visit.","['Review staff training on customer service and behavior to ensure waiters are providing excellent service and addressing customer concerns professionally.', 'Investigate and address the issue of cold idli being served, possibly by revisiting their food preparation and serving procedures.', 'Check if there are any specific waiters, like Rithesh, who are not meeting expectations and provide additional training or support as needed.', 'Monitor customer feedback to identify patterns and trends, and make adjustments to maintain high standards of service and food quality.']"
2025-12-07 18:50:24,2,pathetic service,"Dear valued customer, 

We appreciate you taking the time to share your feedback with us. We're truly sorry to hear that our service fell short of your expectations and caused you to feel that it was pathetic. We'd like to make things right and understand the issues you faced - could you please contact us so we can discuss further?","The customer experienced poor service, indicated by a 2-star rating and a brief, negative review.","The admin team should investigate the incident, identify potential causes (e.g., staff training issues, communication breakdowns), and take corrective actions to prevent similar poor service experiences. A thorough review of the team's service standards and protocols is also recommended to ensure consistency and quality of service."
2025-12-07 21:54:37,3,not great service,"Dear valued customer, 

Thank you for taking the time to share your feedback with us. We apologize if our service did not meet your expectations and appreciate your honesty in sharing your experience with ""not great service"". If you'd like to discuss this further, please reply to this message so we can make it right and better serve you in the future.","The customer had a mediocre experience with the service, indicating a lack of excellence in meeting their expectations.","[""Verify the customer's interaction with the service to identify any specific issues or pain points."", 'Conduct a quality check to ensure that the service standards are being met and address any areas of improvement.', 'Follow up with the customer to gather more details about their experience and resolve any outstanding concerns.', 'Review and refine the service processes to prevent similar issues in the future.']"
2026-01-19 10:47:56,2,"it cell was good ,brice handled it quite proffesionaly but i had to wait a lot ","Dear valued customer, 

Thank you for taking the time to share your experience with us. We're glad to hear that the technical aspect of your visit was handled professionally by our technician, Bruce, and that you're satisfied with the device itself. However, we apologize for the unnecessary wait time you experienced and would like to make it right - please contact us so we can discuss possible compensation or a convenient rescheduling of your visit.",2-star review requiring attention,Review manually and respond appropriately
2026-01-19 10:54:09,3,"I like the product , but the process and form fill was time taking and there is no return police or refund i would like the you all see into this 
","Dear valued customer,

Thank you for taking the time to share your feedback with us. We appreciate your purchase and are sorry to hear that the form filling process and lack of return policy or refund information caused frustration for you. Can you please provide more details about your experience so we can better understand and improve our services for you in the future?","The customer experienced a lengthy process and form filling, and was concerned about the lack of return policy and refund options.","['Review and simplify the current form filling process to reduce customer friction and improve user experience.', 'Develop and implement a clear return policy and refund process to address customer concerns and provide a sense of security.', 'Consider implementing an option for customers to track their order and returns, and provide updates on the status of their refund requests.', 'Communicate the return policy and refund process clearly on the website and in customer communications to set customer expectations.', 'Provide a clear and concise refund and return policy statement on the website to mitigate similar customer complaints in the future.']"
2026-01-19 10:54:23,2,"I like the product , but the process and form fill was time taking and there is no return police or refund i would like the you all see into this 
","Dear valued customer,

Thank you for taking the time to share your feedback with us. We apologize for the inconvenience caused by the lengthy form-filling process and for not having a clear return policy or refund option in place. We appreciate your business and would like to make things right - could you please provide more details about your experience so we can better understand and address your concerns?

Best regards, [Customer Service AI]","The customer likes the product, but was negatively impacted by the lengthy form fill process and lack of clear return policy and refund options.","The admin team should review and streamline their form fill process to minimize customer frustration, and also clearly communicate their return policy and refund options to customers in a prominent and easily accessible location on their website."
